{"initial_reset_timestamp": 1650361718.5624905, "timestamps": [1650361724.7212265], "episode_lengths": [3756], "episode_rewards": [-11.0], "episode_types": ["t"]}