{"initial_reset_timestamp": 1650454229.5037508, "timestamps": [1650454236.403885], "episode_lengths": [4422], "episode_rewards": [-6.0], "episode_types": ["t"]}