{"initial_reset_timestamp": 1650463762.7420301, "timestamps": [1650463769.8258076], "episode_lengths": [4571], "episode_rewards": [-11.0], "episode_types": ["t"]}