{"initial_reset_timestamp": 1650422148.9800148, "timestamps": [1650422155.6767633], "episode_lengths": [4365], "episode_rewards": [-10.0], "episode_types": ["t"]}