{"initial_reset_timestamp": 1650448540.0674949, "timestamps": [1650448547.2668808], "episode_lengths": [4719], "episode_rewards": [-11.0], "episode_types": ["t"]}