{"initial_reset_timestamp": 1650344475.3690462, "timestamps": [1650344482.5783212], "episode_lengths": [4316], "episode_rewards": [-10.0], "episode_types": ["t"]}