{"initial_reset_timestamp": 1650420250.1453292, "timestamps": [1650420256.000349], "episode_lengths": [3789], "episode_rewards": [-13.0], "episode_types": ["t"]}