{"initial_reset_timestamp": 1650382540.4267454, "timestamps": [1650382546.0000076], "episode_lengths": [3324], "episode_rewards": [-15.0], "episode_types": ["t"]}