{"initial_reset_timestamp": 1650440980.7959716, "timestamps": [1650440987.3992887], "episode_lengths": [4294], "episode_rewards": [-6.0], "episode_types": ["t"]}