{"initial_reset_timestamp": 1650429693.1636572, "timestamps": [1650429699.9800773], "episode_lengths": [4415], "episode_rewards": [-11.0], "episode_types": ["t"]}