{"initial_reset_timestamp": 1650416446.9960294, "timestamps": [1650416450.8084645], "episode_lengths": [2420], "episode_rewards": [-18.0], "episode_types": ["t"]}