{"initial_reset_timestamp": 1650444775.940782, "timestamps": [1650444784.1771922], "episode_lengths": [5438], "episode_rewards": [-9.0], "episode_types": ["t"]}