{"initial_reset_timestamp": 1650431595.8123817, "timestamps": [1650431603.4971633], "episode_lengths": [4841], "episode_rewards": [-13.0], "episode_types": ["t"]}