{"initial_reset_timestamp": 1650439137.839521, "timestamps": [1650439144.0651987], "episode_lengths": [4027], "episode_rewards": [-11.0], "episode_types": ["t"]}