{"initial_reset_timestamp": 1650378713.481239, "timestamps": [1650378721.3403254], "episode_lengths": [4793], "episode_rewards": [-7.0], "episode_types": ["t"]}