{"initial_reset_timestamp": 1650339705.149159, "timestamps": [1650339715.4347994], "episode_lengths": [4672], "episode_rewards": [-10.0], "episode_types": ["t"]}