{"initial_reset_timestamp": 1650418352.4722502, "timestamps": [1650418358.9122145], "episode_lengths": [4181], "episode_rewards": [-15.0], "episode_types": ["t"]}