{"initial_reset_timestamp": 1650435386.3677049, "timestamps": [1650435395.2536197], "episode_lengths": [5847], "episode_rewards": [-9.0], "episode_types": ["t"]}