{"initial_reset_timestamp": 1650415585.4092507, "timestamps": [1650415593.6688159], "episode_lengths": [4443], "episode_rewards": [-8.0], "episode_types": ["t"]}