{"initial_reset_timestamp": 1650442864.3291554, "timestamps": [1650442872.3498504], "episode_lengths": [5193], "episode_rewards": [-9.0], "episode_types": ["t"]}