{"initial_reset_timestamp": 1650346394.1270323, "timestamps": [1650346403.8108244], "episode_lengths": [6006], "episode_rewards": [-4.0], "episode_types": ["t"]}