{"initial_reset_timestamp": 1650446633.870352, "timestamps": [1650446640.0860984], "episode_lengths": [4044], "episode_rewards": [-14.0], "episode_types": ["t"]}