{"initial_reset_timestamp": 1650348297.285015, "timestamps": [1650348304.2675111], "episode_lengths": [4219], "episode_rewards": [-13.0], "episode_types": ["t"]}