{"initial_reset_timestamp": 1650359800.9666533, "timestamps": [1650359808.874708], "episode_lengths": [4889], "episode_rewards": [-10.0], "episode_types": ["t"]}