{"initial_reset_timestamp": 1650425918.9082983, "timestamps": [1650425925.6271017], "episode_lengths": [4364], "episode_rewards": [-10.0], "episode_types": ["t"]}