{"initial_reset_timestamp": 1650461849.6529963, "timestamps": [1650461855.9833534], "episode_lengths": [3999], "episode_rewards": [-13.0], "episode_types": ["t"]}