{"initial_reset_timestamp": 1650459963.7274709, "timestamps": [1650459971.3672285], "episode_lengths": [4977], "episode_rewards": [-9.0], "episode_types": ["t"]}