{"initial_reset_timestamp": 1650450425.6467338, "timestamps": [1650450431.0901496], "episode_lengths": [3540], "episode_rewards": [-16.0], "episode_types": ["t"]}