{"initial_reset_timestamp": 1650427825.9713097, "timestamps": [1650427833.9078503], "episode_lengths": [5263], "episode_rewards": [-10.0], "episode_types": ["t"]}