{"initial_reset_timestamp": 1650469474.289561, "timestamps": [1650469480.6746247], "episode_lengths": [4068], "episode_rewards": [-14.0], "episode_types": ["t"]}