{"initial_reset_timestamp": 1650471046.0040061, "timestamps": [1650471051.147351], "episode_lengths": [3231], "episode_rewards": [-19.0], "episode_types": ["t"]}