{"initial_reset_timestamp": 1650467555.539372, "timestamps": [1650467562.9583852], "episode_lengths": [4717], "episode_rewards": [-7.0], "episode_types": ["t"]}