{"initial_reset_timestamp": 1650365491.851641, "timestamps": [1650365498.8760448], "episode_lengths": [4377], "episode_rewards": [-10.0], "episode_types": ["t"]}