{"initial_reset_timestamp": 1650433500.134627, "timestamps": [1650433509.4056542], "episode_lengths": [6112], "episode_rewards": [-3.0], "episode_types": ["t"]}