{"initial_reset_timestamp": 1650437257.6752343, "timestamps": [1650437264.0339825], "episode_lengths": [4187], "episode_rewards": [-10.0], "episode_types": ["t"]}