{"initial_reset_timestamp": 1650340646.881293, "timestamps": [1650340654.0758095], "episode_lengths": [4463], "episode_rewards": [-11.0], "episode_types": ["t"]}