{"initial_reset_timestamp": 1650458061.3429887, "timestamps": [1650458072.1804059], "episode_lengths": [7119], "episode_rewards": [-4.0], "episode_types": ["t"]}