{"initial_reset_timestamp": 1650380631.4029467, "timestamps": [1650380639.763131], "episode_lengths": [5191], "episode_rewards": [-11.0], "episode_types": ["t"]}