{"initial_reset_timestamp": 1650456137.5742064, "timestamps": [1650456144.1200006], "episode_lengths": [4272], "episode_rewards": [-15.0], "episode_types": ["t"]}