{"initial_reset_timestamp": 1650424039.2568805, "timestamps": [1650424047.1956458], "episode_lengths": [5189], "episode_rewards": [-12.0], "episode_types": ["t"]}