{"initial_reset_timestamp": 1650373041.97363, "timestamps": [1650373048.9542887], "episode_lengths": [4299], "episode_rewards": [-10.0], "episode_types": ["t"]}