{"initial_reset_timestamp": 1650452330.6319306, "timestamps": [1650452337.8012486], "episode_lengths": [4652], "episode_rewards": [-11.0], "episode_types": ["t"]}