{"initial_reset_timestamp": 1650352137.8484633, "timestamps": [1650352144.688797], "episode_lengths": [4203], "episode_rewards": [-16.0], "episode_types": ["t"]}