{"initial_reset_timestamp": 1650465633.7480829, "timestamps": [1650465641.0785306], "episode_lengths": [4628], "episode_rewards": [-7.0], "episode_types": ["t"]}