{"initial_reset_timestamp": 1650233361.4770381, "timestamps": [1650233362.725067], "episode_lengths": [1024], "episode_rewards": [-21.0], "episode_types": ["t"]}