{"initial_reset_timestamp": 1650225947.2690248, "timestamps": [1650225948.4172502], "episode_lengths": [1015], "episode_rewards": [-21.0], "episode_types": ["t"]}