{"initial_reset_timestamp": 1650220164.7607026, "timestamps": [1650220167.3295932], "episode_lengths": [1024], "episode_rewards": [-21.0], "episode_types": ["t"]}