{"initial_reset_timestamp": 1650230501.858288, "timestamps": [1650230502.9973276], "episode_lengths": [1022], "episode_rewards": [-21.0], "episode_types": ["t"]}