{"initial_reset_timestamp": 1650227959.1711094, "timestamps": [1650227960.2960737], "episode_lengths": [1008], "episode_rewards": [-21.0], "episode_types": ["t"]}