{"initial_reset_timestamp": 1650224175.0637925, "timestamps": [1650224176.2514467], "episode_lengths": [1031], "episode_rewards": [-21.0], "episode_types": ["t"]}