{"initial_reset_timestamp": 1650231818.3685489, "timestamps": [1650231819.5047832], "episode_lengths": [1032], "episode_rewards": [-21.0], "episode_types": ["t"]}