{"initial_reset_timestamp": 1650472271.4444869, "timestamps": [1650472279.9416623], "episode_lengths": [5389], "episode_rewards": [-3.0], "episode_types": ["t"]}