{"initial_reset_timestamp": 1650493704.4147875, "timestamps": [1650493712.1343522], "episode_lengths": [4944], "episode_rewards": [5.0], "episode_types": ["t"]}