{"initial_reset_timestamp": 1650458706.4748912, "timestamps": [1650458712.9482195], "episode_lengths": [4063], "episode_rewards": [-13.0], "episode_types": ["t"]}