{"initial_reset_timestamp": 1650436131.91463, "timestamps": [1650436136.0331976], "episode_lengths": [2454], "episode_rewards": [-19.0], "episode_types": ["t"]}