{"initial_reset_timestamp": 1650512235.6994734, "timestamps": [1650512241.0079916], "episode_lengths": [3425], "episode_rewards": [-15.0], "episode_types": ["t"]}