{"initial_reset_timestamp": 1650474220.787756, "timestamps": [1650474229.348316], "episode_lengths": [5398], "episode_rewards": [1.0], "episode_types": ["t"]}