{"initial_reset_timestamp": 1650541065.5595028, "timestamps": [1650541071.5368059], "episode_lengths": [3804], "episode_rewards": [-12.0], "episode_types": ["t"]}