{"initial_reset_timestamp": 1650508440.0637038, "timestamps": [1650508446.4267201], "episode_lengths": [4156], "episode_rewards": [-10.0], "episode_types": ["t"]}