{"initial_reset_timestamp": 1650447138.043742, "timestamps": [1650447144.4313476], "episode_lengths": [4072], "episode_rewards": [-10.0], "episode_types": ["t"]}