{"initial_reset_timestamp": 1650478139.1031175, "timestamps": [1650478147.768339], "episode_lengths": [5449], "episode_rewards": [1.0], "episode_types": ["t"]}