{"initial_reset_timestamp": 1650460623.4948146, "timestamps": [1650460629.4195604], "episode_lengths": [3742], "episode_rewards": [-15.0], "episode_types": ["t"]}