{"initial_reset_timestamp": 1650429015.4482374, "timestamps": [1650429017.4634485], "episode_lengths": [1189], "episode_rewards": [-20.0], "episode_types": ["t"]}