{"initial_reset_timestamp": 1650432533.858059, "timestamps": [1650432537.133968], "episode_lengths": [2006], "episode_rewards": [-18.0], "episode_types": ["t"]}