{"initial_reset_timestamp": 1650456768.6755211, "timestamps": [1650456774.9333735], "episode_lengths": [3998], "episode_rewards": [-12.0], "episode_types": ["t"]}