{"initial_reset_timestamp": 1650501741.2278378, "timestamps": [1650501751.0406706], "episode_lengths": [5505], "episode_rewards": [1.0], "episode_types": ["t"]}