{"initial_reset_timestamp": 1650497554.1750014, "timestamps": [1650497562.2822986], "episode_lengths": [5188], "episode_rewards": [5.0], "episode_types": ["t"]}