{"initial_reset_timestamp": 1650466435.8077486, "timestamps": [1650466442.6098068], "episode_lengths": [4163], "episode_rewards": [-7.0], "episode_types": ["t"]}