{"initial_reset_timestamp": 1650439752.4412727, "timestamps": [1650439756.7963686], "episode_lengths": [2752], "episode_rewards": [-19.0], "episode_types": ["t"]}