{"initial_reset_timestamp": 1650450914.4882796, "timestamps": [1650450919.3270404], "episode_lengths": [2889], "episode_rewards": [-19.0], "episode_types": ["t"]}