{"initial_reset_timestamp": 1650430769.9187725, "timestamps": [1650430772.925024], "episode_lengths": [1823], "episode_rewards": [-18.0], "episode_types": ["t"]}