{"initial_reset_timestamp": 1650491762.7277231, "timestamps": [1650491772.3134894], "episode_lengths": [5978], "episode_rewards": [-5.0], "episode_types": ["t"]}