{"initial_reset_timestamp": 1650445256.2834187, "timestamps": [1650445261.6897135], "episode_lengths": [3427], "episode_rewards": [-14.0], "episode_types": ["t"]}