{"initial_reset_timestamp": 1650441559.0513003, "timestamps": [1650441564.2555666], "episode_lengths": [3324], "episode_rewards": [-11.0], "episode_types": ["t"]}