{"initial_reset_timestamp": 1650454820.8326392, "timestamps": [1650454828.3720176], "episode_lengths": [4561], "episode_rewards": [-7.0], "episode_types": ["t"]}