{"initial_reset_timestamp": 1650517961.1013386, "timestamps": [1650517967.5335164], "episode_lengths": [4158], "episode_rewards": [-8.0], "episode_types": ["t"]}