{"initial_reset_timestamp": 1650452857.8982332, "timestamps": [1650452867.2167845], "episode_lengths": [5694], "episode_rewards": [-4.0], "episode_types": ["t"]}