{"initial_reset_timestamp": 1650426854.674315, "timestamps": [1650426857.8924575], "episode_lengths": [1021], "episode_rewards": [-21.0], "episode_types": ["t"]}