{"initial_reset_timestamp": 1650533346.0387135, "timestamps": [1650533354.781672], "episode_lengths": [5618], "episode_rewards": [-2.0], "episode_types": ["t"]}