{"initial_reset_timestamp": 1650483973.9980915, "timestamps": [1650483980.8013947], "episode_lengths": [4143], "episode_rewards": [-12.0], "episode_types": ["t"]}