{"initial_reset_timestamp": 1650376816.4676836, "timestamps": [1650376823.1846735], "episode_lengths": [4019], "episode_rewards": [-14.0], "episode_types": ["t"]}