{"initial_reset_timestamp": 1650357886.2332387, "timestamps": [1650357893.3113317], "episode_lengths": [4524], "episode_rewards": [-12.0], "episode_types": ["t"]}