{"initial_reset_timestamp": 1650371174.7522545, "timestamps": [1650371180.241565], "episode_lengths": [3294], "episode_rewards": [-18.0], "episode_types": ["t"]}