{"initial_reset_timestamp": 1650363604.457949, "timestamps": [1650363612.5645568], "episode_lengths": [5097], "episode_rewards": [-8.0], "episode_types": ["t"]}