{"initial_reset_timestamp": 1650374910.0191324, "timestamps": [1650374916.3129158], "episode_lengths": [3877], "episode_rewards": [-12.0], "episode_types": ["t"]}