{"initial_reset_timestamp": 1650354044.8262663, "timestamps": [1650354052.2383986], "episode_lengths": [4444], "episode_rewards": [-10.0], "episode_types": ["t"]}