{"initial_reset_timestamp": 1650367368.477673, "timestamps": [1650367374.7938323], "episode_lengths": [3798], "episode_rewards": [-13.0], "episode_types": ["t"]}