{"initial_reset_timestamp": 1650342562.9041696, "timestamps": [1650342568.1799388], "episode_lengths": [3215], "episode_rewards": [-16.0], "episode_types": ["t"]}