{"initial_reset_timestamp": 1650384444.682226, "timestamps": [1650384451.188986], "episode_lengths": [3780], "episode_rewards": [-14.0], "episode_types": ["t"]}