{"initial_reset_timestamp": 1650386045.5829268, "timestamps": [1650386050.061379], "episode_lengths": [2739], "episode_rewards": [-14.0], "episode_types": ["t"]}