{"initial_reset_timestamp": 1650355994.6964462, "timestamps": [1650356000.5537171], "episode_lengths": [3657], "episode_rewards": [-16.0], "episode_types": ["t"]}