{"initial_reset_timestamp": 1650350228.0688508, "timestamps": [1650350236.214653], "episode_lengths": [5015], "episode_rewards": [-14.0], "episode_types": ["t"]}