{"initial_reset_timestamp": 1650334630.604813, "timestamps": [1650334641.082453], "episode_lengths": [3743], "episode_rewards": [-15.0], "episode_types": ["t"]}