{"initial_reset_timestamp": 1650369272.2033498, "timestamps": [1650369280.0751944], "episode_lengths": [4940], "episode_rewards": [-11.0], "episode_types": ["t"]}