{"initial_reset_timestamp": 1650443403.7330022, "timestamps": [1650443409.1403403], "episode_lengths": [3300], "episode_rewards": [-13.0], "episode_types": ["t"]}