{"initial_reset_timestamp": 1650529476.6515586, "timestamps": [1650529483.575167], "episode_lengths": [4478], "episode_rewards": [-4.0], "episode_types": ["t"]}