{"initial_reset_timestamp": 1650525636.7990112, "timestamps": [1650525644.3747025], "episode_lengths": [4789], "episode_rewards": [6.0], "episode_types": ["t"]}