{"initial_reset_timestamp": 1650543008.6458547, "timestamps": [1650543016.250915], "episode_lengths": [4952], "episode_rewards": [5.0], "episode_types": ["t"]}