{"initial_reset_timestamp": 1650510341.613862, "timestamps": [1650510347.8607721], "episode_lengths": [4069], "episode_rewards": [-9.0], "episode_types": ["t"]}