{"initial_reset_timestamp": 1650539133.5431302, "timestamps": [1650539141.630803], "episode_lengths": [5178], "episode_rewards": [-1.0], "episode_types": ["t"]}