{"initial_reset_timestamp": 1650434315.1757603, "timestamps": [1650434319.1448433], "episode_lengths": [2394], "episode_rewards": [-17.0], "episode_types": ["t"]}