{"initial_reset_timestamp": 1650504642.1518092, "timestamps": [1650504650.0971832], "episode_lengths": [5126], "episode_rewards": [3.0], "episode_types": ["t"]}