{"initial_reset_timestamp": 1650485897.5511737, "timestamps": [1650485905.650299], "episode_lengths": [4992], "episode_rewards": [4.0], "episode_types": ["t"]}