{"initial_reset_timestamp": 1650476185.0735316, "timestamps": [1650476192.231668], "episode_lengths": [4396], "episode_rewards": [-7.0], "episode_types": ["t"]}