{"initial_reset_timestamp": 1650506555.4028654, "timestamps": [1650506562.665666], "episode_lengths": [4759], "episode_rewards": [-5.0], "episode_types": ["t"]}