{"initial_reset_timestamp": 1650495635.0545356, "timestamps": [1650495641.4268475], "episode_lengths": [3999], "episode_rewards": [-8.0], "episode_types": ["t"]}