{"initial_reset_timestamp": 1650527558.13114, "timestamps": [1650527565.0709624], "episode_lengths": [4462], "episode_rewards": [-2.0], "episode_types": ["t"]}