{"initial_reset_timestamp": 1650546637.2817647, "timestamps": [1650546645.4796863], "episode_lengths": [5367], "episode_rewards": [5.0], "episode_types": ["t"]}