{"initial_reset_timestamp": 1650523715.105748, "timestamps": [1650523723.076243], "episode_lengths": [5163], "episode_rewards": [-2.0], "episode_types": ["t"]}