{"initial_reset_timestamp": 1650521794.8057475, "timestamps": [1650521804.1854951], "episode_lengths": [6139], "episode_rewards": [-3.0], "episode_types": ["t"]}