{"initial_reset_timestamp": 1650502735.412934, "timestamps": [1650502743.1258614], "episode_lengths": [4978], "episode_rewards": [-5.0], "episode_types": ["t"]}