{"initial_reset_timestamp": 1650437934.8121645, "timestamps": [1650437938.0736446], "episode_lengths": [2021], "episode_rewards": [-20.0], "episode_types": ["t"]}