{"initial_reset_timestamp": 1650449011.686177, "timestamps": [1650449017.6677985], "episode_lengths": [3778], "episode_rewards": [-15.0], "episode_types": ["t"]}