{"initial_reset_timestamp": 1650544950.5460906, "timestamps": [1650544959.5176146], "episode_lengths": [5871], "episode_rewards": [4.0], "episode_types": ["t"]}