{"initial_reset_timestamp": 1650489841.731554, "timestamps": [1650489850.4973829], "episode_lengths": [5312], "episode_rewards": [4.0], "episode_types": ["t"]}