{"initial_reset_timestamp": 1650482013.8925726, "timestamps": [1650482023.562082], "episode_lengths": [5956], "episode_rewards": [-2.0], "episode_types": ["t"]}