{"initial_reset_timestamp": 1650464489.1940858, "timestamps": [1650464495.9520373], "episode_lengths": [4299], "episode_rewards": [-5.0], "episode_types": ["t"]}