{"initial_reset_timestamp": 1650531408.449225, "timestamps": [1650531418.0416481], "episode_lengths": [4589], "episode_rewards": [-7.0], "episode_types": ["t"]}