{"initial_reset_timestamp": 1650427312.5989072, "timestamps": [1650427314.6229372], "episode_lengths": [1187], "episode_rewards": [-21.0], "episode_types": ["t"]}