{"initial_reset_timestamp": 1650535286.6761012, "timestamps": [1650535295.2100544], "episode_lengths": [5562], "episode_rewards": [1.0], "episode_types": ["t"]}