{"initial_reset_timestamp": 1650462549.5138535, "timestamps": [1650462555.5964513], "episode_lengths": [3710], "episode_rewards": [-12.0], "episode_types": ["t"]}