{"initial_reset_timestamp": 1650470324.697042, "timestamps": [1650470332.1495228], "episode_lengths": [4713], "episode_rewards": [11.0], "episode_types": ["t"]}