{"initial_reset_timestamp": 1650480085.2277722, "timestamps": [1650480093.5623991], "episode_lengths": [5126], "episode_rewards": [-3.0], "episode_types": ["t"]}