{"initial_reset_timestamp": 1650519867.2011626, "timestamps": [1650519873.1281095], "episode_lengths": [3839], "episode_rewards": [-7.0], "episode_types": ["t"]}