{"initial_reset_timestamp": 1650537212.7089944, "timestamps": [1650537217.4684772], "episode_lengths": [3045], "episode_rewards": [-12.0], "episode_types": ["t"]}