{"initial_reset_timestamp": 1650514125.7388268, "timestamps": [1650514134.2757108], "episode_lengths": [5564], "episode_rewards": [-6.0], "episode_types": ["t"]}