{"initial_reset_timestamp": 1650468394.5474176, "timestamps": [1650468400.997505], "episode_lengths": [4084], "episode_rewards": [-12.0], "episode_types": ["t"]}