{"initial_reset_timestamp": 1650487876.7036226, "timestamps": [1650487884.7777853], "episode_lengths": [5008], "episode_rewards": [-4.0], "episode_types": ["t"]}