{"initial_reset_timestamp": 1650404304.0022902, "timestamps": [1650404307.5878594], "episode_lengths": [2051], "episode_rewards": [-18.0], "episode_types": ["t"]}