{"initial_reset_timestamp": 1650420648.6419494, "timestamps": [1650420653.8860772], "episode_lengths": [3118], "episode_rewards": [-15.0], "episode_types": ["t"]}