{"initial_reset_timestamp": 1650413838.3716083, "timestamps": [1650413843.7762966], "episode_lengths": [3143], "episode_rewards": [-12.0], "episode_types": ["t"]}