{"initial_reset_timestamp": 1650411688.644671, "timestamps": [1650411693.2966816], "episode_lengths": [2674], "episode_rewards": [-13.0], "episode_types": ["t"]}