{"initial_reset_timestamp": 1650405350.9798782, "timestamps": [1650405354.721623], "episode_lengths": [2163], "episode_rewards": [-19.0], "episode_types": ["t"]}