{"initial_reset_timestamp": 1650398541.8484716, "timestamps": [1650398546.1856575], "episode_lengths": [1013], "episode_rewards": [-21.0], "episode_types": ["t"]}