{"initial_reset_timestamp": 1650410629.8535528, "timestamps": [1650410634.0450428], "episode_lengths": [2452], "episode_rewards": [-16.0], "episode_types": ["t"]}