{"initial_reset_timestamp": 1650422814.427301, "timestamps": [1650422820.8298805], "episode_lengths": [3890], "episode_rewards": [-11.0], "episode_types": ["t"]}