{"initial_reset_timestamp": 1650402250.3717768, "timestamps": [1650402252.992421], "episode_lengths": [1444], "episode_rewards": [-19.0], "episode_types": ["t"]}