{"initial_reset_timestamp": 1650414906.045345, "timestamps": [1650414912.294878], "episode_lengths": [3811], "episode_rewards": [-6.0], "episode_types": ["t"]}