{"initial_reset_timestamp": 1650419553.2447493, "timestamps": [1650419557.5442991], "episode_lengths": [2500], "episode_rewards": [-16.0], "episode_types": ["t"]}