{"initial_reset_timestamp": 1650409573.1877642, "timestamps": [1650409577.1342494], "episode_lengths": [2262], "episode_rewards": [-16.0], "episode_types": ["t"]}