{"initial_reset_timestamp": 1650407460.9593663, "timestamps": [1650407465.671336], "episode_lengths": [2728], "episode_rewards": [-13.0], "episode_types": ["t"]}