{"initial_reset_timestamp": 1650401243.7261655, "timestamps": [1650401245.9778748], "episode_lengths": [1234], "episode_rewards": [-21.0], "episode_types": ["t"]}