{"initial_reset_timestamp": 1650423795.080376, "timestamps": [1650423799.0924158], "episode_lengths": [2348], "episode_rewards": [-20.0], "episode_types": ["t"]}