{"initial_reset_timestamp": 1650403270.2235782, "timestamps": [1650403273.4778395], "episode_lengths": [1841], "episode_rewards": [-19.0], "episode_types": ["t"]}