{"initial_reset_timestamp": 1650463333.4376435, "timestamps": [1650463337.3229501], "episode_lengths": [2452], "episode_rewards": [-16.0], "episode_types": ["t"]}