{"initial_reset_timestamp": 1650399256.7528348, "timestamps": [1650399258.6965964], "episode_lengths": [1014], "episode_rewards": [-21.0], "episode_types": ["t"]}