{"initial_reset_timestamp": 1650436980.6901593, "timestamps": [1650436983.7193215], "episode_lengths": [1876], "episode_rewards": [-20.0], "episode_types": ["t"]}