{"initial_reset_timestamp": 1650460918.2608147, "timestamps": [1650460921.8862257], "episode_lengths": [2304], "episode_rewards": [-18.0], "episode_types": ["t"]}