{"initial_reset_timestamp": 1650446492.290656, "timestamps": [1650446496.2381768], "episode_lengths": [2566], "episode_rewards": [-18.0], "episode_types": ["t"]}