{"initial_reset_timestamp": 1650434610.5587523, "timestamps": [1650434613.3954597], "episode_lengths": [1740], "episode_rewards": [-18.0], "episode_types": ["t"]}