{"initial_reset_timestamp": 1650400237.3692477, "timestamps": [1650400239.4489431], "episode_lengths": [1098], "episode_rewards": [-21.0], "episode_types": ["t"]}