{"initial_reset_timestamp": 1650441724.3858986, "timestamps": [1650441728.6513252], "episode_lengths": [2759], "episode_rewards": [-16.0], "episode_types": ["t"]}