{"initial_reset_timestamp": 1650475478.3730505, "timestamps": [1650475484.4434514], "episode_lengths": [4014], "episode_rewards": [-13.0], "episode_types": ["t"]}