{"initial_reset_timestamp": 1650485301.87558, "timestamps": [1650485307.2489479], "episode_lengths": [3544], "episode_rewards": [-18.0], "episode_types": ["t"]}