{"initial_reset_timestamp": 1650415987.7688706, "timestamps": [1650415992.0788713], "episode_lengths": [2522], "episode_rewards": [-19.0], "episode_types": ["t"]}