{"initial_reset_timestamp": 1650473031.826711, "timestamps": [1650473036.9322422], "episode_lengths": [3343], "episode_rewards": [-13.0], "episode_types": ["t"]}