{"initial_reset_timestamp": 1650421722.42436, "timestamps": [1650421727.7891963], "episode_lengths": [3234], "episode_rewards": [-14.0], "episode_types": ["t"]}