{"initial_reset_timestamp": 1650451300.5129366, "timestamps": [1650451304.1937075], "episode_lengths": [2300], "episode_rewards": [-16.0], "episode_types": ["t"]}