{"initial_reset_timestamp": 1650432254.9495814, "timestamps": [1650432259.3192449], "episode_lengths": [2818], "episode_rewards": [-12.0], "episode_types": ["t"]}