{"initial_reset_timestamp": 1650465754.7785254, "timestamps": [1650465760.8856597], "episode_lengths": [3854], "episode_rewards": [-11.0], "episode_types": ["t"]}