{"initial_reset_timestamp": 1650470597.456873, "timestamps": [1650470602.4472206], "episode_lengths": [3244], "episode_rewards": [-15.0], "episode_types": ["t"]}