{"initial_reset_timestamp": 1650490234.445545, "timestamps": [1650490240.3406587], "episode_lengths": [3567], "episode_rewards": [-9.0], "episode_types": ["t"]}