{"initial_reset_timestamp": 1650426844.6482549, "timestamps": [1650426848.438249], "episode_lengths": [1038], "episode_rewards": [-21.0], "episode_types": ["t"]}