{"initial_reset_timestamp": 1650477906.528235, "timestamps": [1650477912.1888306], "episode_lengths": [3706], "episode_rewards": [-13.0], "episode_types": ["t"]}