{"initial_reset_timestamp": 1650429911.8416653, "timestamps": [1650429914.8955948], "episode_lengths": [1906], "episode_rewards": [-17.0], "episode_types": ["t"]}