{"initial_reset_timestamp": 1650448899.6435058, "timestamps": [1650448903.6444025], "episode_lengths": [2530], "episode_rewards": [-16.0], "episode_types": ["t"]}