{"initial_reset_timestamp": 1650453714.9077027, "timestamps": [1650453719.4880967], "episode_lengths": [3005], "episode_rewards": [-15.0], "episode_types": ["t"]}