{"initial_reset_timestamp": 1650468168.8939915, "timestamps": [1650468173.1783342], "episode_lengths": [2794], "episode_rewards": [-12.0], "episode_types": ["t"]}