{"initial_reset_timestamp": 1650458510.9774992, "timestamps": [1650458515.353853], "episode_lengths": [2839], "episode_rewards": [-13.0], "episode_types": ["t"]}