{"initial_reset_timestamp": 1650417053.876863, "timestamps": [1650417057.36389], "episode_lengths": [2006], "episode_rewards": [-20.0], "episode_types": ["t"]}