{"initial_reset_timestamp": 1650408518.9365041, "timestamps": [1650408522.078633], "episode_lengths": [1745], "episode_rewards": [-20.0], "episode_types": ["t"]}