{"initial_reset_timestamp": 1650480383.1757295, "timestamps": [1650480389.1570714], "episode_lengths": [3988], "episode_rewards": [-10.0], "episode_types": ["t"]}