{"initial_reset_timestamp": 1650418116.5313983, "timestamps": [1650418121.8625555], "episode_lengths": [3184], "episode_rewards": [-10.0], "episode_types": ["t"]}