{"initial_reset_timestamp": 1650427580.0848768, "timestamps": [1650427581.8824842], "episode_lengths": [1015], "episode_rewards": [-21.0], "episode_types": ["t"]}