{"initial_reset_timestamp": 1650406398.1241999, "timestamps": [1650406402.240205], "episode_lengths": [2375], "episode_rewards": [-16.0], "episode_types": ["t"]}