{"initial_reset_timestamp": 1650439358.85118, "timestamps": [1650439362.1800056], "episode_lengths": [2086], "episode_rewards": [-20.0], "episode_types": ["t"]}