{"initial_reset_timestamp": 1650456117.8143451, "timestamps": [1650456122.332404], "episode_lengths": [2860], "episode_rewards": [-16.0], "episode_types": ["t"]}