{"initial_reset_timestamp": 1650444098.702488, "timestamps": [1650444102.4247108], "episode_lengths": [2328], "episode_rewards": [-15.0], "episode_types": ["t"]}