{"initial_reset_timestamp": 1650482872.6360343, "timestamps": [1650482879.9690773], "episode_lengths": [4749], "episode_rewards": [-3.0], "episode_types": ["t"]}