{"initial_reset_timestamp": 1650412759.8381631, "timestamps": [1650412764.010523], "episode_lengths": [2552], "episode_rewards": [-12.0], "episode_types": ["t"]}