{"initial_reset_timestamp": 1650487754.0212123, "timestamps": [1650487760.919151], "episode_lengths": [4630], "episode_rewards": [-8.0], "episode_types": ["t"]}